host,method,row_type,runs,region,class,iou,gt_pixels
stdc,STDC-Seg,main,I0+Baseline2+Baseline,full,road,0.981096,345264442
stdc,STDC-Seg,main,I0+Baseline2+Baseline,full,sidewalk,0.846968,49568652
stdc,STDC-Seg,main,I0+Baseline2+Baseline,full,building,0.918515,201005428
stdc,STDC-Seg,main,I0+Baseline2+Baseline,full,wall,0.567639,6718315
stdc,STDC-Seg,main,I0+Baseline2+Baseline,full,fence,0.595571,7521741
stdc,STDC-Seg,main,I0+Baseline2+Baseline,full,pole,0.565714,13565658
stdc,STDC-Seg,main,I0+Baseline2+Baseline,full,tlight,0.656263,1808393
stdc,STDC-Seg,main,I0+Baseline2+Baseline,full,tsign,0.745769,6098373
stdc,STDC-Seg,main,I0+Baseline2+Baseline,full,veg,0.915792,158868008
stdc,STDC-Seg,main,I0+Baseline2+Baseline,full,terrain,0.627024,7625026
stdc,STDC-Seg,main,I0+Baseline2+Baseline,full,sky,0.942463,30765347
stdc,STDC-Seg,main,I0+Baseline2+Baseline,full,person,0.785885,11913424
stdc,STDC-Seg,main,I0+Baseline2+Baseline,full,rider,0.590210,1975596
stdc,STDC-Seg,main,I0+Baseline2+Baseline,full,car,0.944682,59731217
stdc,STDC-Seg,main,I0+Baseline2+Baseline,full,truck,0.783900,2760211
stdc,STDC-Seg,main,I0+Baseline2+Baseline,full,bus,0.851467,3563120
stdc,STDC-Seg,main,I0+Baseline2+Baseline,full,train,0.769385,1031648
stdc,STDC-Seg,main,I0+Baseline2+Baseline,full,moto,0.577485,729415
stdc,STDC-Seg,main,I0+Baseline2+Baseline,full,bicycle,0.740187,6504475
stdc,STDC-Seg,main,I0+Baseline2+Baseline,bnd_r1,road,0.468217,2925138
stdc,STDC-Seg,main,I0+Baseline2+Baseline,bnd_r1,sidewalk,0.414517,3212308
stdc,STDC-Seg,main,I0+Baseline2+Baseline,bnd_r1,building,0.413574,7269713
stdc,STDC-Seg,main,I0+Baseline2+Baseline,bnd_r1,wall,0.214199,463366
stdc,STDC-Seg,main,I0+Baseline2+Baseline,bnd_r1,fence,0.247463,514750
stdc,STDC-Seg,main,I0+Baseline2+Baseline,bnd_r1,pole,0.331828,4549158
stdc,STDC-Seg,main,I0+Baseline2+Baseline,bnd_r1,tlight,0.329367,378159
stdc,STDC-Seg,main,I0+Baseline2+Baseline,bnd_r1,tsign,0.367237,917506
stdc,STDC-Seg,main,I0+Baseline2+Baseline,bnd_r1,veg,0.441529,6469319
stdc,STDC-Seg,main,I0+Baseline2+Baseline,bnd_r1,terrain,0.299007,587602
stdc,STDC-Seg,main,I0+Baseline2+Baseline,bnd_r1,sky,0.473578,1377555
stdc,STDC-Seg,main,I0+Baseline2+Baseline,bnd_r1,person,0.400335,1522580
stdc,STDC-Seg,main,I0+Baseline2+Baseline,bnd_r1,rider,0.319802,344123
stdc,STDC-Seg,main,I0+Baseline2+Baseline,bnd_r1,car,0.486143,2235481
stdc,STDC-Seg,main,I0+Baseline2+Baseline,bnd_r1,truck,0.303262,102643
stdc,STDC-Seg,main,I0+Baseline2+Baseline,bnd_r1,bus,0.375654,146145
stdc,STDC-Seg,main,I0+Baseline2+Baseline,bnd_r1,train,0.275793,55386
stdc,STDC-Seg,main,I0+Baseline2+Baseline,bnd_r1,moto,0.270419,97305
stdc,STDC-Seg,main,I0+Baseline2+Baseline,bnd_r1,bicycle,0.371003,825668
stdc,STDC-Seg,main,I0+Baseline2+Baseline,bnd_r3,road,0.585835,6015551
stdc,STDC-Seg,main,I0+Baseline2+Baseline,bnd_r3,sidewalk,0.526316,6413328
stdc,STDC-Seg,main,I0+Baseline2+Baseline,bnd_r3,building,0.516305,14500231
stdc,STDC-Seg,main,I0+Baseline2+Baseline,bnd_r3,wall,0.273191,902602
stdc,STDC-Seg,main,I0+Baseline2+Baseline,bnd_r3,fence,0.296948,998834
stdc,STDC-Seg,main,I0+Baseline2+Baseline,bnd_r3,pole,0.425671,7713706
stdc,STDC-Seg,main,I0+Baseline2+Baseline,bnd_r3,tlight,0.425819,718945
stdc,STDC-Seg,main,I0+Baseline2+Baseline,bnd_r3,tsign,0.476429,1785462
stdc,STDC-Seg,main,I0+Baseline2+Baseline,bnd_r3,veg,0.546061,13193908
stdc,STDC-Seg,main,I0+Baseline2+Baseline,bnd_r3,terrain,0.366745,1159465
stdc,STDC-Seg,main,I0+Baseline2+Baseline,bnd_r3,sky,0.608380,2787238
stdc,STDC-Seg,main,I0+Baseline2+Baseline,bnd_r3,person,0.510553,3088888
stdc,STDC-Seg,main,I0+Baseline2+Baseline,bnd_r3,rider,0.395346,681471
stdc,STDC-Seg,main,I0+Baseline2+Baseline,bnd_r3,car,0.612295,4593792
stdc,STDC-Seg,main,I0+Baseline2+Baseline,bnd_r3,truck,0.374130,207010
stdc,STDC-Seg,main,I0+Baseline2+Baseline,bnd_r3,bus,0.469056,295246
stdc,STDC-Seg,main,I0+Baseline2+Baseline,bnd_r3,train,0.337034,110538
stdc,STDC-Seg,main,I0+Baseline2+Baseline,bnd_r3,moto,0.330965,192188
stdc,STDC-Seg,main,I0+Baseline2+Baseline,bnd_r3,bicycle,0.456094,1629424
stdc,STDC-Seg + Ours,main,HI1,full,road,0.982836,345264442
stdc,STDC-Seg + Ours,main,HI1,full,sidewalk,0.859561,49568652
stdc,STDC-Seg + Ours,main,HI1,full,building,0.922735,201005428
stdc,STDC-Seg + Ours,main,HI1,full,wall,0.522030,6718315
stdc,STDC-Seg + Ours,main,HI1,full,fence,0.600208,7521741
stdc,STDC-Seg + Ours,main,HI1,full,pole,0.638359,13565658
stdc,STDC-Seg + Ours,main,HI1,full,tlight,0.695725,1808393
stdc,STDC-Seg + Ours,main,HI1,full,tsign,0.774364,6098373
stdc,STDC-Seg + Ours,main,HI1,full,veg,0.922324,158868008
stdc,STDC-Seg + Ours,main,HI1,full,terrain,0.664991,7625026
stdc,STDC-Seg + Ours,main,HI1,full,sky,0.947814,30765347
stdc,STDC-Seg + Ours,main,HI1,full,person,0.808060,11913424
stdc,STDC-Seg + Ours,main,HI1,full,rider,0.600761,1975596
stdc,STDC-Seg + Ours,main,HI1,full,car,0.950041,59731217
stdc,STDC-Seg + Ours,main,HI1,full,truck,0.792041,2760211
stdc,STDC-Seg + Ours,main,HI1,full,bus,0.843342,3563120
stdc,STDC-Seg + Ours,main,HI1,full,train,0.774960,1031648
stdc,STDC-Seg + Ours,main,HI1,full,moto,0.619038,729415
stdc,STDC-Seg + Ours,main,HI1,full,bicycle,0.758313,6504475
stdc,STDC-Seg + Ours,main,HI1,bnd_r1,road,0.493888,2925138
stdc,STDC-Seg + Ours,main,HI1,bnd_r1,sidewalk,0.455586,3212308
stdc,STDC-Seg + Ours,main,HI1,bnd_r1,building,0.448785,7269713
stdc,STDC-Seg + Ours,main,HI1,bnd_r1,wall,0.235006,463366
stdc,STDC-Seg + Ours,main,HI1,bnd_r1,fence,0.265246,514750
stdc,STDC-Seg + Ours,main,HI1,bnd_r1,pole,0.448348,4549158
stdc,STDC-Seg + Ours,main,HI1,bnd_r1,tlight,0.392082,378159
stdc,STDC-Seg + Ours,main,HI1,bnd_r1,tsign,0.438935,917506
stdc,STDC-Seg + Ours,main,HI1,bnd_r1,veg,0.474416,6469319
stdc,STDC-Seg + Ours,main,HI1,bnd_r1,terrain,0.339175,587602
stdc,STDC-Seg + Ours,main,HI1,bnd_r1,sky,0.522347,1377555
stdc,STDC-Seg + Ours,main,HI1,bnd_r1,person,0.451622,1522580
stdc,STDC-Seg + Ours,main,HI1,bnd_r1,rider,0.342727,344123
stdc,STDC-Seg + Ours,main,HI1,bnd_r1,car,0.521274,2235481
stdc,STDC-Seg + Ours,main,HI1,bnd_r1,truck,0.323461,102643
stdc,STDC-Seg + Ours,main,HI1,bnd_r1,bus,0.394465,146145
stdc,STDC-Seg + Ours,main,HI1,bnd_r1,train,0.313328,55386
stdc,STDC-Seg + Ours,main,HI1,bnd_r1,moto,0.286579,97305
stdc,STDC-Seg + Ours,main,HI1,bnd_r1,bicycle,0.408790,825668
stdc,STDC-Seg + Ours,main,HI1,bnd_r3,road,0.620472,6015551
stdc,STDC-Seg + Ours,main,HI1,bnd_r3,sidewalk,0.573574,6413328
stdc,STDC-Seg + Ours,main,HI1,bnd_r3,building,0.567142,14500231
stdc,STDC-Seg + Ours,main,HI1,bnd_r3,wall,0.297199,902602
stdc,STDC-Seg + Ours,main,HI1,bnd_r3,fence,0.321615,998834
stdc,STDC-Seg + Ours,main,HI1,bnd_r3,pole,0.554618,7713706
stdc,STDC-Seg + Ours,main,HI1,bnd_r3,tlight,0.503127,718945
stdc,STDC-Seg + Ours,main,HI1,bnd_r3,tsign,0.559688,1785462
stdc,STDC-Seg + Ours,main,HI1,bnd_r3,veg,0.592553,13193908
stdc,STDC-Seg + Ours,main,HI1,bnd_r3,terrain,0.413987,1159465
stdc,STDC-Seg + Ours,main,HI1,bnd_r3,sky,0.667686,2787238
stdc,STDC-Seg + Ours,main,HI1,bnd_r3,person,0.572028,3088888
stdc,STDC-Seg + Ours,main,HI1,bnd_r3,rider,0.430028,681471
stdc,STDC-Seg + Ours,main,HI1,bnd_r3,car,0.652119,4593792
stdc,STDC-Seg + Ours,main,HI1,bnd_r3,truck,0.405035,207010
stdc,STDC-Seg + Ours,main,HI1,bnd_r3,bus,0.491938,295246
stdc,STDC-Seg + Ours,main,HI1,bnd_r3,train,0.387870,110538
stdc,STDC-Seg + Ours,main,HI1,bnd_r3,moto,0.352850,192188
stdc,STDC-Seg + Ours,main,HI1,bnd_r3,bicycle,0.503062,1629424
stdc,STDC-Seg [I0],replicate,I0,full,road,0.981338,345264442
stdc,STDC-Seg [I0],replicate,I0,full,sidewalk,0.846162,49568652
stdc,STDC-Seg [I0],replicate,I0,full,building,0.918489,201005428
stdc,STDC-Seg [I0],replicate,I0,full,wall,0.587327,6718315
stdc,STDC-Seg [I0],replicate,I0,full,fence,0.596675,7521741
stdc,STDC-Seg [I0],replicate,I0,full,pole,0.562691,13565658
stdc,STDC-Seg [I0],replicate,I0,full,tlight,0.650630,1808393
stdc,STDC-Seg [I0],replicate,I0,full,tsign,0.742656,6098373
stdc,STDC-Seg [I0],replicate,I0,full,veg,0.914593,158868008
stdc,STDC-Seg [I0],replicate,I0,full,terrain,0.607865,7625026
stdc,STDC-Seg [I0],replicate,I0,full,sky,0.943111,30765347
stdc,STDC-Seg [I0],replicate,I0,full,person,0.785614,11913424
stdc,STDC-Seg [I0],replicate,I0,full,rider,0.595877,1975596
stdc,STDC-Seg [I0],replicate,I0,full,car,0.944912,59731217
stdc,STDC-Seg [I0],replicate,I0,full,truck,0.811117,2760211
stdc,STDC-Seg [I0],replicate,I0,full,bus,0.858325,3563120
stdc,STDC-Seg [I0],replicate,I0,full,train,0.801708,1031648
stdc,STDC-Seg [I0],replicate,I0,full,moto,0.615403,729415
stdc,STDC-Seg [I0],replicate,I0,full,bicycle,0.741960,6504475
stdc,STDC-Seg [I0],replicate,I0,bnd_r1,road,0.465997,2925138
stdc,STDC-Seg [I0],replicate,I0,bnd_r1,sidewalk,0.413017,3212308
stdc,STDC-Seg [I0],replicate,I0,bnd_r1,building,0.414089,7269713
stdc,STDC-Seg [I0],replicate,I0,bnd_r1,wall,0.222120,463366
stdc,STDC-Seg [I0],replicate,I0,bnd_r1,fence,0.240371,514750
stdc,STDC-Seg [I0],replicate,I0,bnd_r1,pole,0.329161,4549158
stdc,STDC-Seg [I0],replicate,I0,bnd_r1,tlight,0.313537,378159
stdc,STDC-Seg [I0],replicate,I0,bnd_r1,tsign,0.368087,917506
stdc,STDC-Seg [I0],replicate,I0,bnd_r1,veg,0.442931,6469319
stdc,STDC-Seg [I0],replicate,I0,bnd_r1,terrain,0.288831,587602
stdc,STDC-Seg [I0],replicate,I0,bnd_r1,sky,0.473220,1377555
stdc,STDC-Seg [I0],replicate,I0,bnd_r1,person,0.388880,1522580
stdc,STDC-Seg [I0],replicate,I0,bnd_r1,rider,0.306676,344123
stdc,STDC-Seg [I0],replicate,I0,bnd_r1,car,0.490931,2235481
stdc,STDC-Seg [I0],replicate,I0,bnd_r1,truck,0.304715,102643
stdc,STDC-Seg [I0],replicate,I0,bnd_r1,bus,0.374883,146145
stdc,STDC-Seg [I0],replicate,I0,bnd_r1,train,0.309245,55386
stdc,STDC-Seg [I0],replicate,I0,bnd_r1,moto,0.296298,97305
stdc,STDC-Seg [I0],replicate,I0,bnd_r1,bicycle,0.365374,825668
stdc,STDC-Seg [I0],replicate,I0,bnd_r3,road,0.583761,6015551
stdc,STDC-Seg [I0],replicate,I0,bnd_r3,sidewalk,0.524343,6413328
stdc,STDC-Seg [I0],replicate,I0,bnd_r3,building,0.516040,14500231
stdc,STDC-Seg [I0],replicate,I0,bnd_r3,wall,0.281963,902602
stdc,STDC-Seg [I0],replicate,I0,bnd_r3,fence,0.290619,998834
stdc,STDC-Seg [I0],replicate,I0,bnd_r3,pole,0.422502,7713706
stdc,STDC-Seg [I0],replicate,I0,bnd_r3,tlight,0.409824,718945
stdc,STDC-Seg [I0],replicate,I0,bnd_r3,tsign,0.474915,1785462
stdc,STDC-Seg [I0],replicate,I0,bnd_r3,veg,0.546049,13193908
stdc,STDC-Seg [I0],replicate,I0,bnd_r3,terrain,0.355747,1159465
stdc,STDC-Seg [I0],replicate,I0,bnd_r3,sky,0.608324,2787238
stdc,STDC-Seg [I0],replicate,I0,bnd_r3,person,0.501169,3088888
stdc,STDC-Seg [I0],replicate,I0,bnd_r3,rider,0.384874,681471
stdc,STDC-Seg [I0],replicate,I0,bnd_r3,car,0.614104,4593792
stdc,STDC-Seg [I0],replicate,I0,bnd_r3,truck,0.374651,207010
stdc,STDC-Seg [I0],replicate,I0,bnd_r3,bus,0.466375,295246
stdc,STDC-Seg [I0],replicate,I0,bnd_r3,train,0.375449,110538
stdc,STDC-Seg [I0],replicate,I0,bnd_r3,moto,0.358635,192188
stdc,STDC-Seg [I0],replicate,I0,bnd_r3,bicycle,0.451500,1629424
stdc,STDC-Seg [Baseline2],replicate,Baseline2,full,road,0.981058,345264442
stdc,STDC-Seg [Baseline2],replicate,Baseline2,full,sidewalk,0.847850,49568652
stdc,STDC-Seg [Baseline2],replicate,Baseline2,full,building,0.918885,201005428
stdc,STDC-Seg [Baseline2],replicate,Baseline2,full,wall,0.573328,6718315
stdc,STDC-Seg [Baseline2],replicate,Baseline2,full,fence,0.588130,7521741
stdc,STDC-Seg [Baseline2],replicate,Baseline2,full,pole,0.564421,13565658
stdc,STDC-Seg [Baseline2],replicate,Baseline2,full,tlight,0.657521,1808393
stdc,STDC-Seg [Baseline2],replicate,Baseline2,full,tsign,0.746337,6098373
stdc,STDC-Seg [Baseline2],replicate,Baseline2,full,veg,0.916590,158868008
stdc,STDC-Seg [Baseline2],replicate,Baseline2,full,terrain,0.633707,7625026
stdc,STDC-Seg [Baseline2],replicate,Baseline2,full,sky,0.942445,30765347
stdc,STDC-Seg [Baseline2],replicate,Baseline2,full,person,0.785366,11913424
stdc,STDC-Seg [Baseline2],replicate,Baseline2,full,rider,0.582499,1975596
stdc,STDC-Seg [Baseline2],replicate,Baseline2,full,car,0.943994,59731217
stdc,STDC-Seg [Baseline2],replicate,Baseline2,full,truck,0.770534,2760211
stdc,STDC-Seg [Baseline2],replicate,Baseline2,full,bus,0.829997,3563120
stdc,STDC-Seg [Baseline2],replicate,Baseline2,full,train,0.724086,1031648
stdc,STDC-Seg [Baseline2],replicate,Baseline2,full,moto,0.527953,729415
stdc,STDC-Seg [Baseline2],replicate,Baseline2,full,bicycle,0.737802,6504475
stdc,STDC-Seg [Baseline2],replicate,Baseline2,bnd_r1,road,0.470242,2925138
stdc,STDC-Seg [Baseline2],replicate,Baseline2,bnd_r1,sidewalk,0.410587,3212308
stdc,STDC-Seg [Baseline2],replicate,Baseline2,bnd_r1,building,0.412431,7269713
stdc,STDC-Seg [Baseline2],replicate,Baseline2,bnd_r1,wall,0.213092,463366
stdc,STDC-Seg [Baseline2],replicate,Baseline2,bnd_r1,fence,0.243974,514750
stdc,STDC-Seg [Baseline2],replicate,Baseline2,bnd_r1,pole,0.331378,4549158
stdc,STDC-Seg [Baseline2],replicate,Baseline2,bnd_r1,tlight,0.337403,378159
stdc,STDC-Seg [Baseline2],replicate,Baseline2,bnd_r1,tsign,0.366652,917506
stdc,STDC-Seg [Baseline2],replicate,Baseline2,bnd_r1,veg,0.440562,6469319
stdc,STDC-Seg [Baseline2],replicate,Baseline2,bnd_r1,terrain,0.303414,587602
stdc,STDC-Seg [Baseline2],replicate,Baseline2,bnd_r1,sky,0.473409,1377555
stdc,STDC-Seg [Baseline2],replicate,Baseline2,bnd_r1,person,0.406370,1522580
stdc,STDC-Seg [Baseline2],replicate,Baseline2,bnd_r1,rider,0.328746,344123
stdc,STDC-Seg [Baseline2],replicate,Baseline2,bnd_r1,car,0.482175,2235481
stdc,STDC-Seg [Baseline2],replicate,Baseline2,bnd_r1,truck,0.302653,102643
stdc,STDC-Seg [Baseline2],replicate,Baseline2,bnd_r1,bus,0.366901,146145
stdc,STDC-Seg [Baseline2],replicate,Baseline2,bnd_r1,train,0.258008,55386
stdc,STDC-Seg [Baseline2],replicate,Baseline2,bnd_r1,moto,0.250659,97305
stdc,STDC-Seg [Baseline2],replicate,Baseline2,bnd_r1,bicycle,0.370750,825668
stdc,STDC-Seg [Baseline2],replicate,Baseline2,bnd_r3,road,0.586911,6015551
stdc,STDC-Seg [Baseline2],replicate,Baseline2,bnd_r3,sidewalk,0.524019,6413328
stdc,STDC-Seg [Baseline2],replicate,Baseline2,bnd_r3,building,0.514917,14500231
stdc,STDC-Seg [Baseline2],replicate,Baseline2,bnd_r3,wall,0.273683,902602
stdc,STDC-Seg [Baseline2],replicate,Baseline2,bnd_r3,fence,0.293372,998834
stdc,STDC-Seg [Baseline2],replicate,Baseline2,bnd_r3,pole,0.424361,7713706
stdc,STDC-Seg [Baseline2],replicate,Baseline2,bnd_r3,tlight,0.432383,718945
stdc,STDC-Seg [Baseline2],replicate,Baseline2,bnd_r3,tsign,0.475813,1785462
stdc,STDC-Seg [Baseline2],replicate,Baseline2,bnd_r3,veg,0.545014,13193908
stdc,STDC-Seg [Baseline2],replicate,Baseline2,bnd_r3,terrain,0.370408,1159465
stdc,STDC-Seg [Baseline2],replicate,Baseline2,bnd_r3,sky,0.608365,2787238
stdc,STDC-Seg [Baseline2],replicate,Baseline2,bnd_r3,person,0.514674,3088888
stdc,STDC-Seg [Baseline2],replicate,Baseline2,bnd_r3,rider,0.401199,681471
stdc,STDC-Seg [Baseline2],replicate,Baseline2,bnd_r3,car,0.609679,4593792
stdc,STDC-Seg [Baseline2],replicate,Baseline2,bnd_r3,truck,0.375726,207010
stdc,STDC-Seg [Baseline2],replicate,Baseline2,bnd_r3,bus,0.460653,295246
stdc,STDC-Seg [Baseline2],replicate,Baseline2,bnd_r3,train,0.309021,110538
stdc,STDC-Seg [Baseline2],replicate,Baseline2,bnd_r3,moto,0.308924,192188
stdc,STDC-Seg [Baseline2],replicate,Baseline2,bnd_r3,bicycle,0.455161,1629424
stdc,STDC-Seg [Baseline],replicate,Baseline,full,road,0.980893,345264442
stdc,STDC-Seg [Baseline],replicate,Baseline,full,sidewalk,0.846892,49568652
stdc,STDC-Seg [Baseline],replicate,Baseline,full,building,0.918171,201005428
stdc,STDC-Seg [Baseline],replicate,Baseline,full,wall,0.542261,6718315
stdc,STDC-Seg [Baseline],replicate,Baseline,full,fence,0.601908,7521741
stdc,STDC-Seg [Baseline],replicate,Baseline,full,pole,0.570029,13565658
stdc,STDC-Seg [Baseline],replicate,Baseline,full,tlight,0.660639,1808393
stdc,STDC-Seg [Baseline],replicate,Baseline,full,tsign,0.748314,6098373
stdc,STDC-Seg [Baseline],replicate,Baseline,full,veg,0.916192,158868008
stdc,STDC-Seg [Baseline],replicate,Baseline,full,terrain,0.639500,7625026
stdc,STDC-Seg [Baseline],replicate,Baseline,full,sky,0.941833,30765347
stdc,STDC-Seg [Baseline],replicate,Baseline,full,person,0.786673,11913424
stdc,STDC-Seg [Baseline],replicate,Baseline,full,rider,0.592253,1975596
stdc,STDC-Seg [Baseline],replicate,Baseline,full,car,0.945139,59731217
stdc,STDC-Seg [Baseline],replicate,Baseline,full,truck,0.770048,2760211
stdc,STDC-Seg [Baseline],replicate,Baseline,full,bus,0.866081,3563120
stdc,STDC-Seg [Baseline],replicate,Baseline,full,train,0.782362,1031648
stdc,STDC-Seg [Baseline],replicate,Baseline,full,moto,0.589098,729415
stdc,STDC-Seg [Baseline],replicate,Baseline,full,bicycle,0.740799,6504475
stdc,STDC-Seg [Baseline],replicate,Baseline,bnd_r1,road,0.468414,2925138
stdc,STDC-Seg [Baseline],replicate,Baseline,bnd_r1,sidewalk,0.419947,3212308
stdc,STDC-Seg [Baseline],replicate,Baseline,bnd_r1,building,0.414202,7269713
stdc,STDC-Seg [Baseline],replicate,Baseline,bnd_r1,wall,0.207386,463366
stdc,STDC-Seg [Baseline],replicate,Baseline,bnd_r1,fence,0.258044,514750
stdc,STDC-Seg [Baseline],replicate,Baseline,bnd_r1,pole,0.334946,4549158
stdc,STDC-Seg [Baseline],replicate,Baseline,bnd_r1,tlight,0.337162,378159
stdc,STDC-Seg [Baseline],replicate,Baseline,bnd_r1,tsign,0.366972,917506
stdc,STDC-Seg [Baseline],replicate,Baseline,bnd_r1,veg,0.441093,6469319
stdc,STDC-Seg [Baseline],replicate,Baseline,bnd_r1,terrain,0.304776,587602
stdc,STDC-Seg [Baseline],replicate,Baseline,bnd_r1,sky,0.474106,1377555
stdc,STDC-Seg [Baseline],replicate,Baseline,bnd_r1,person,0.405756,1522580
stdc,STDC-Seg [Baseline],replicate,Baseline,bnd_r1,rider,0.323984,344123
stdc,STDC-Seg [Baseline],replicate,Baseline,bnd_r1,car,0.485324,2235481
stdc,STDC-Seg [Baseline],replicate,Baseline,bnd_r1,truck,0.302417,102643
stdc,STDC-Seg [Baseline],replicate,Baseline,bnd_r1,bus,0.385177,146145
stdc,STDC-Seg [Baseline],replicate,Baseline,bnd_r1,train,0.260125,55386
stdc,STDC-Seg [Baseline],replicate,Baseline,bnd_r1,moto,0.264302,97305
stdc,STDC-Seg [Baseline],replicate,Baseline,bnd_r1,bicycle,0.376886,825668
stdc,STDC-Seg [Baseline],replicate,Baseline,bnd_r3,road,0.586833,6015551
stdc,STDC-Seg [Baseline],replicate,Baseline,bnd_r3,sidewalk,0.530584,6413328
stdc,STDC-Seg [Baseline],replicate,Baseline,bnd_r3,building,0.517957,14500231
stdc,STDC-Seg [Baseline],replicate,Baseline,bnd_r3,wall,0.263929,902602
stdc,STDC-Seg [Baseline],replicate,Baseline,bnd_r3,fence,0.306853,998834
stdc,STDC-Seg [Baseline],replicate,Baseline,bnd_r3,pole,0.430149,7713706
stdc,STDC-Seg [Baseline],replicate,Baseline,bnd_r3,tlight,0.435251,718945
stdc,STDC-Seg [Baseline],replicate,Baseline,bnd_r3,tsign,0.478558,1785462
stdc,STDC-Seg [Baseline],replicate,Baseline,bnd_r3,veg,0.547119,13193908
stdc,STDC-Seg [Baseline],replicate,Baseline,bnd_r3,terrain,0.374079,1159465
stdc,STDC-Seg [Baseline],replicate,Baseline,bnd_r3,sky,0.608452,2787238
stdc,STDC-Seg [Baseline],replicate,Baseline,bnd_r3,person,0.515815,3088888
stdc,STDC-Seg [Baseline],replicate,Baseline,bnd_r3,rider,0.399966,681471
stdc,STDC-Seg [Baseline],replicate,Baseline,bnd_r3,car,0.613103,4593792
stdc,STDC-Seg [Baseline],replicate,Baseline,bnd_r3,truck,0.372013,207010
stdc,STDC-Seg [Baseline],replicate,Baseline,bnd_r3,bus,0.480139,295246
stdc,STDC-Seg [Baseline],replicate,Baseline,bnd_r3,train,0.326632,110538
stdc,STDC-Seg [Baseline],replicate,Baseline,bnd_r3,moto,0.325337,192188
stdc,STDC-Seg [Baseline],replicate,Baseline,bnd_r3,bicycle,0.461622,1629424
hrnet,HRNet-W48,main,baseline,full,road,0.983472,345264442
hrnet,HRNet-W48,main,baseline,full,sidewalk,0.861660,49568652
hrnet,HRNet-W48,main,baseline,full,building,0.927287,201005428
hrnet,HRNet-W48,main,baseline,full,wall,0.550805,6718315
hrnet,HRNet-W48,main,baseline,full,fence,0.615256,7521741
hrnet,HRNet-W48,main,baseline,full,pole,0.673472,13565658
hrnet,HRNet-W48,main,baseline,full,tlight,0.725805,1808393
hrnet,HRNet-W48,main,baseline,full,tsign,0.799096,6098373
hrnet,HRNet-W48,main,baseline,full,veg,0.928104,158868008
hrnet,HRNet-W48,main,baseline,full,terrain,0.652805,7625026
hrnet,HRNet-W48,main,baseline,full,sky,0.945318,30765347
hrnet,HRNet-W48,main,baseline,full,person,0.820176,11913424
hrnet,HRNet-W48,main,baseline,full,rider,0.611473,1975596
hrnet,HRNet-W48,main,baseline,full,car,0.952253,59731217
hrnet,HRNet-W48,main,baseline,full,truck,0.778461,2760211
hrnet,HRNet-W48,main,baseline,full,bus,0.774000,3563120
hrnet,HRNet-W48,main,baseline,full,train,0.387167,1031648
hrnet,HRNet-W48,main,baseline,full,moto,0.610397,729415
hrnet,HRNet-W48,main,baseline,full,bicycle,0.770583,6504475
hrnet,HRNet-W48,main,baseline,bnd_r1,road,0.477159,2925138
hrnet,HRNet-W48,main,baseline,bnd_r1,sidewalk,0.481275,3212308
hrnet,HRNet-W48,main,baseline,bnd_r1,building,0.460027,7269713
hrnet,HRNet-W48,main,baseline,bnd_r1,wall,0.233972,463366
hrnet,HRNet-W48,main,baseline,bnd_r1,fence,0.271117,514750
hrnet,HRNet-W48,main,baseline,bnd_r1,pole,0.489959,4549158
hrnet,HRNet-W48,main,baseline,bnd_r1,tlight,0.427729,378159
hrnet,HRNet-W48,main,baseline,bnd_r1,tsign,0.481195,917506
hrnet,HRNet-W48,main,baseline,bnd_r1,veg,0.486559,6469319
hrnet,HRNet-W48,main,baseline,bnd_r1,terrain,0.338820,587602
hrnet,HRNet-W48,main,baseline,bnd_r1,sky,0.545192,1377555
hrnet,HRNet-W48,main,baseline,bnd_r1,person,0.482886,1522580
hrnet,HRNet-W48,main,baseline,bnd_r1,rider,0.378675,344123
hrnet,HRNet-W48,main,baseline,bnd_r1,car,0.540277,2235481
hrnet,HRNet-W48,main,baseline,bnd_r1,truck,0.351821,102643
hrnet,HRNet-W48,main,baseline,bnd_r1,bus,0.392760,146145
hrnet,HRNet-W48,main,baseline,bnd_r1,train,0.203111,55386
hrnet,HRNet-W48,main,baseline,bnd_r1,moto,0.304127,97305
hrnet,HRNet-W48,main,baseline,bnd_r1,bicycle,0.420244,825668
hrnet,HRNet-W48,main,baseline,bnd_r3,road,0.619963,6015551
hrnet,HRNet-W48,main,baseline,bnd_r3,sidewalk,0.597218,6413328
hrnet,HRNet-W48,main,baseline,bnd_r3,building,0.581976,14500231
hrnet,HRNet-W48,main,baseline,bnd_r3,wall,0.304328,902602
hrnet,HRNet-W48,main,baseline,bnd_r3,fence,0.334088,998834
hrnet,HRNet-W48,main,baseline,bnd_r3,pole,0.596738,7713706
hrnet,HRNet-W48,main,baseline,bnd_r3,tlight,0.546127,718945
hrnet,HRNet-W48,main,baseline,bnd_r3,tsign,0.606174,1785462
hrnet,HRNet-W48,main,baseline,bnd_r3,veg,0.605001,13193908
hrnet,HRNet-W48,main,baseline,bnd_r3,terrain,0.411565,1159465
hrnet,HRNet-W48,main,baseline,bnd_r3,sky,0.676123,2787238
hrnet,HRNet-W48,main,baseline,bnd_r3,person,0.603219,3088888
hrnet,HRNet-W48,main,baseline,bnd_r3,rider,0.460748,681471
hrnet,HRNet-W48,main,baseline,bnd_r3,car,0.668247,4593792
hrnet,HRNet-W48,main,baseline,bnd_r3,truck,0.424313,207010
hrnet,HRNet-W48,main,baseline,bnd_r3,bus,0.486240,295246
hrnet,HRNet-W48,main,baseline,bnd_r3,train,0.261374,110538
hrnet,HRNet-W48,main,baseline,bnd_r3,moto,0.366976,192188
hrnet,HRNet-W48,main,baseline,bnd_r3,bicycle,0.519169,1629424
hrnet,HRNet-W48 + Ours,main,HI1,full,road,0.983382,345264442
hrnet,HRNet-W48 + Ours,main,HI1,full,sidewalk,0.862253,49568652
hrnet,HRNet-W48 + Ours,main,HI1,full,building,0.932590,201005428
hrnet,HRNet-W48 + Ours,main,HI1,full,wall,0.619895,6718315
hrnet,HRNet-W48 + Ours,main,HI1,full,fence,0.629320,7521741
hrnet,HRNet-W48 + Ours,main,HI1,full,pole,0.703811,13565658
hrnet,HRNet-W48 + Ours,main,HI1,full,tlight,0.749487,1808393
hrnet,HRNet-W48 + Ours,main,HI1,full,tsign,0.821085,6098373
hrnet,HRNet-W48 + Ours,main,HI1,full,veg,0.930654,158868008
hrnet,HRNet-W48 + Ours,main,HI1,full,terrain,0.661122,7625026
hrnet,HRNet-W48 + Ours,main,HI1,full,sky,0.945843,30765347
hrnet,HRNet-W48 + Ours,main,HI1,full,person,0.841680,11913424
hrnet,HRNet-W48 + Ours,main,HI1,full,rider,0.641180,1975596
hrnet,HRNet-W48 + Ours,main,HI1,full,car,0.956980,59731217
hrnet,HRNet-W48 + Ours,main,HI1,full,truck,0.758728,2760211
hrnet,HRNet-W48 + Ours,main,HI1,full,bus,0.802573,3563120
hrnet,HRNet-W48 + Ours,main,HI1,full,train,0.380207,1031648
hrnet,HRNet-W48 + Ours,main,HI1,full,moto,0.662400,729415
hrnet,HRNet-W48 + Ours,main,HI1,full,bicycle,0.788943,6504475
hrnet,HRNet-W48 + Ours,main,HI1,bnd_r1,road,0.493182,2925138
hrnet,HRNet-W48 + Ours,main,HI1,bnd_r1,sidewalk,0.492176,3212308
hrnet,HRNet-W48 + Ours,main,HI1,bnd_r1,building,0.487643,7269713
hrnet,HRNet-W48 + Ours,main,HI1,bnd_r1,wall,0.279332,463366
hrnet,HRNet-W48 + Ours,main,HI1,bnd_r1,fence,0.305319,514750
hrnet,HRNet-W48 + Ours,main,HI1,bnd_r1,pole,0.528474,4549158
hrnet,HRNet-W48 + Ours,main,HI1,bnd_r1,tlight,0.463764,378159
hrnet,HRNet-W48 + Ours,main,HI1,bnd_r1,tsign,0.516313,917506
hrnet,HRNet-W48 + Ours,main,HI1,bnd_r1,veg,0.500797,6469319
hrnet,HRNet-W48 + Ours,main,HI1,bnd_r1,terrain,0.358005,587602
hrnet,HRNet-W48 + Ours,main,HI1,bnd_r1,sky,0.568035,1377555
hrnet,HRNet-W48 + Ours,main,HI1,bnd_r1,person,0.513061,1522580
hrnet,HRNet-W48 + Ours,main,HI1,bnd_r1,rider,0.417420,344123
hrnet,HRNet-W48 + Ours,main,HI1,bnd_r1,car,0.545709,2235481
hrnet,HRNet-W48 + Ours,main,HI1,bnd_r1,truck,0.350531,102643
hrnet,HRNet-W48 + Ours,main,HI1,bnd_r1,bus,0.427344,146145
hrnet,HRNet-W48 + Ours,main,HI1,bnd_r1,train,0.178049,55386
hrnet,HRNet-W48 + Ours,main,HI1,bnd_r1,moto,0.345411,97305
hrnet,HRNet-W48 + Ours,main,HI1,bnd_r1,bicycle,0.445300,825668
hrnet,HRNet-W48 + Ours,main,HI1,bnd_r3,road,0.638516,6015551
hrnet,HRNet-W48 + Ours,main,HI1,bnd_r3,sidewalk,0.614235,6413328
hrnet,HRNet-W48 + Ours,main,HI1,bnd_r3,building,0.611375,14500231
hrnet,HRNet-W48 + Ours,main,HI1,bnd_r3,wall,0.357533,902602
hrnet,HRNet-W48 + Ours,main,HI1,bnd_r3,fence,0.370469,998834
hrnet,HRNet-W48 + Ours,main,HI1,bnd_r3,pole,0.636445,7713706
hrnet,HRNet-W48 + Ours,main,HI1,bnd_r3,tlight,0.586613,718945
hrnet,HRNet-W48 + Ours,main,HI1,bnd_r3,tsign,0.647882,1785462
hrnet,HRNet-W48 + Ours,main,HI1,bnd_r3,veg,0.621755,13193908
hrnet,HRNet-W48 + Ours,main,HI1,bnd_r3,terrain,0.433849,1159465
hrnet,HRNet-W48 + Ours,main,HI1,bnd_r3,sky,0.691249,2787238
hrnet,HRNet-W48 + Ours,main,HI1,bnd_r3,person,0.641394,3088888
hrnet,HRNet-W48 + Ours,main,HI1,bnd_r3,rider,0.505291,681471
hrnet,HRNet-W48 + Ours,main,HI1,bnd_r3,car,0.684066,4593792
hrnet,HRNet-W48 + Ours,main,HI1,bnd_r3,truck,0.433007,207010
hrnet,HRNet-W48 + Ours,main,HI1,bnd_r3,bus,0.531377,295246
hrnet,HRNet-W48 + Ours,main,HI1,bnd_r3,train,0.234691,110538
hrnet,HRNet-W48 + Ours,main,HI1,bnd_r3,moto,0.422241,192188
hrnet,HRNet-W48 + Ours,main,HI1,bnd_r3,bicycle,0.550043,1629424
